{
  "spec/controllers/application_controller_spec.rb": 0.06708073616027832,
  "spec/controllers/errors_controller_spec.rb": 0.017228364944458008,
  "spec/controllers/providers_controller_spec.rb": 0.0640707015991211,
  "spec/controllers/sessions_controller_spec.rb": 0.026489973068237305,
  "spec/controllers/users_controller_spec.rb": 0.08862113952636719,
  "spec/decorators/course_decorator_spec.rb": 0.03558182716369629,
  "spec/features/backend_requests_spec.rb": 5.97548508644104,
  "spec/features/courses/about_spec.rb": 29.7227623462677,
  "spec/features/courses/delete_or_withdraw_spec.rb": 23.32624912261963,
  "spec/features/courses/details_spec.rb": 11.719006776809692,
  "spec/features/courses/fees_spec.rb": 32.35142111778259,
  "spec/features/courses/index_spec.rb": 43.95713472366333,
  "spec/features/courses/preview_spec.rb": 2.98374342918396,
  "spec/features/courses/requirements_spec.rb": 26.303406476974487,
  "spec/features/courses/salary_spec.rb": 26.144105911254883,
  "spec/features/courses/show_spec.rb": 37.92861604690552,
  "spec/features/courses/sites/edit_spec.rb": 23.464604139328003,
  "spec/features/courses/vacancies/edit_spec.rb": 61.791746377944946,
  "spec/features/providers_spec.rb": 8.942449808120728,
  "spec/features/recruitment_cyles/show_spec.rb": 6.015450477600098,
  "spec/features/sessions_spec.rb": 5.845125198364258,
  "spec/features/sign_in_spec.rb": 20.647132396697998,
  "spec/features/sites/edit_spec.rb": 22.693941116333008,
  "spec/features/sites/index_spec.rb": 35.15223217010498,
  "spec/features/sites/new_spec.rb": 20.489322185516357,
  "spec/features/view_pages_spec.rb": 17.4880473613739,
  "spec/helpers/course_helper_spec.rb": 0.008228302001953125,
  "spec/helpers/provider_helper_spec.rb": 0.005846261978149414,
  "spec/helpers/vacancy_helper_spec.rb": 0.007317304611206055,
  "spec/helpers/view_helper_spec.rb": 0.0034329891204833984,
  "spec/lib/govuk/markdown_renderer_spec.rb": 0.001523733139038086,
  "spec/requests/courses/about_spec.rb": 8.846263408660889,
  "spec/requests/courses/fees_spec.rb": 9.069838523864746,
  "spec/requests/courses/requirements_spec.rb": 5.97616171836853,
  "spec/requests/courses/salary_spec.rb": 5.969393491744995,
  "spec/requests/courses/vacancies/edit_spec.rb": 14.758493661880493,
  "spec/requests/courses_spec.rb": 0.06455039978027344,
  "spec/requests/not_found_spec.rb": 2.9287257194519043,
  "spec/requests/providers_spec.rb": 8.915244579315186,
  "spec/requests/recruitment_cycles_spec.rb": 8.800313711166382,
  "spec/requests/sessions_spec.rb": 0.022434711456298828,
  "spec/requests/sites_spec.rb": 0.04797101020812988,
  "spec/services/vacancy_status_determination_service_spec.rb": 0.002000093460083008
}
